store,websites,attribute_set,type,sku,Wholesale,price,Normal,mptp_cat_id,mptp_update_status,bundle_attributes,bundle_attribute_products,config_attributes,assort,upsell,crosssell
admin,base,Default,simple,ELO0019,21.95,29.95,27.95,ELOSKIT,,,,,,,
admin,base,Default,simple,ELO0017,13.95,29.95,17.95,ELOSKIT,,,,,,,
admin,base,Default,simple,ELO0013,19.95,17.95,24.95,ELOSKIT,,,,,,,
admin,base,Default,simple,ELO0011,21.95,29.95,27.95,ELOSKIT,,,,,,,
admin,base,Default,simple,ELO0009,21.95,27.95,29.95,ELOSKIT,,,,,,,
admin,base,Default,simple,ELO0005,13.95,24.95,17.95,ELOSKIT,,,,,,,
admin,base,Default,simple,ELO0003,23.95,17.95,29.95,ELOSKIT,,,,,,,
admin,base,Default,simple,ELO0001,23.95,27.95,29.95,ELOSKIT,,,,,,,
admin,base,Default,simple,ATI0301,508.95,678.95,678.95,ATISKIMMERS,,,,,,,
admin,base,Default,simple,AI2002,220,299,299,AIMODULES,,,,,,,
admin,base,Default,simple,AI3015,39.96,49.95,49.95,,,,,,,,
admin,base,Default,simple,AI3013,39.96,49.95,49.95,,,,,,,,
admin,base,Default,grouped,AI-WIRELESSADAPTER,,,,,,,,,,,
admin,base,Default,simple,AI3011,,,,,,,,,,,
admin,base,Default,simple,ATI0427,5.95,,7.95,,,,,,,,
admin,base,Default,simple,ATI0421,19.95,,26.95,,,,,,,,
admin,base,Default,simple,ATI0415,50.95,69.95,69.95,,,,,,,,
admin,base,Default,simple,ATI0413,41.95,55.95,55.95,,,,,,,,
admin,base,Default,simple,ATI0401,213.95,285.95,285.95,,,,,,,,
admin,base,Default,simple,ATI0153,146.95,195.95,195.95,,,,,,,,
admin,base,Default,grouped,GSM-MIDDAYSUN,,,,GSMBULBS,,,,,,,
admin,base,Default,simple,NEP0231,169.95,179.95,179.95,,,,,,,,
admin,base,Default,simple,ETM0217,119.95,119.95,119.95,,,,,,,,
admin,base,Default,simple,ETM0215,49.95,49.95,49.95,,,,,,,,
admin,base,Default,simple,ETM0213,49.95,49.95,49.95,,,,,,,,
admin,base,Default,grouped,ETM-VTPOWERSUPPLY,,,,,,,,,,,
admin,base,Default,simple,ETM0211,19.95,19.95,19.95,,,,,,,,
admin,base,Default,simple,ETM0209,44.95,44.95,44.95,,,,,,,,
admin,base,Default,simple,ATI3001,264.95,354.95,354.95,ATIFIXTURES,,,,,,,
admin,base,Default,simple,ATI3003,308.95,409.95,409.95,ATIFIXTURES,,,,,,,
admin,base,Default,simple,ATI3004,372.95,499.95,499.95,ATIFIXTURES,,,,,,,
admin,base,Default,simple,ATI3005,294.95,394.95,394.95,ATIFIXTURES,,,,,,,
admin,base,Default,simple,ATI3007,353.95,469.95,469.95,ATIFIXTURES,,,,,,,
admin,base,Default,simple,ATI3008,412.95,549.95,549.95,ATIFIXTURES,,,,,,,
admin,base,Default,simple,ATI3009,324.95,434.95,434.95,ATIFIXTURES,,,,,,,
admin,base,Default,simple,ATI3011,389.95,519.95,519.95,ATIFIXTURES,,,,,,,
admin,base,Default,simple,ATI3012,462.95,617.95,617.95,ATIFIXTURES,,,,,,,
admin,base,Default,simple,ATI3013,349.95,464.95,464.95,ATIFIXTURES,,,,,,,
admin,base,Default,simple,ATI3015,446.95,594.95,594.95,ATIFIXTURES,,,,,,,
admin,base,Default,simple,ATI3017,526.95,699.95,699.95,ATIFIXTURES,,,,,,,
admin,base,Default,simple,ATI1101,13.25,19.95,19.95,ATIT5BULBS,,,,,,,
admin,base,Default,simple,ATI1103,14.25,20.95,20.95,ATIT5BULBS,,,,,,,
admin,base,Default,simple,ATI1105,15.25,21.95,21.95,ATIT5BULBS,,,,,,,
admin,base,Default,simple,ATI1107,17.25,23.95,23.95,ATIT5BULBS,,,,,,,
admin,base,Default,simple,ATI1109,12.25,18.95,18.95,ATIT5BULBS,,,,,,,
admin,base,Default,simple,ATI1111,13.25,19.95,19.95,ATIT5BULBS,,,,,,,
admin,base,Default,simple,ATI1113,14.25,20.95,20.95,ATIT5BULBS,,,,,,,
admin,base,Default,simple,ATI1115,16.25,22.95,22.95,ATIT5BULBS,,,,,,,
admin,base,Default,simple,ATI1117,13.25,19.95,19.95,ATIT5BULBS,,,,,,,
admin,base,Default,simple,ATI1119,14.25,20.95,20.95,ATIT5BULBS,,,,,,,
admin,base,Default,simple,ATI1121,15.25,21.95,21.95,ATIT5BULBS,,,,,,,
admin,base,Default,simple,ATI1123,17.25,23.95,23.95,ATIT5BULBS,,,,,,,
admin,base,Default,simple,ATI1125,13.25,19.95,19.95,ATIT5BULBS,,,,,,,
admin,base,Default,simple,ATI1127,14.25,20.95,20.95,ATIT5BULBS,,,,,,,
admin,base,Default,simple,ATI1129,15.25,21.95,21.95,ATIT5BULBS,,,,,,,
admin,base,Default,simple,ATI1131,17.25,23.95,23.95,ATIT5BULBS,,,,,,,
admin,base,Default,simple,ATI1133,13.25,19.95,19.95,ATIT5BULBS,,,,,,,
admin,base,Default,simple,ATI1135,14.25,20.95,20.95,ATIT5BULBS,,,,,,,
admin,base,Default,simple,ATI1137,15.25,21.95,21.95,ATIT5BULBS,,,,,,,
admin,base,Default,simple,ATI1139,17.25,23.95,23.95,ATIT5BULBS,,,,,,,
admin,base,Default,simple,AI3001,390,499,499,AIMODULES,,,,,,,
admin,base,Default,simple,AI3003,390,499,499,AIMODULES,,,,,,,
admin,base,Default,simple,AI3005,390,499,499,AIMODULES,,,,,,,
admin,base,Default,simple,AI3007,390,499,499,AIMODULES,,,,,,,
admin,base,Default,simple,AI3009,63.96,79.95,79.95,,,,,,,,
admin,base,Default,simple,AI1059,18.71,24.95,24.95,,,,,,,,
admin,base,Default,simple,AI1061 ,,29.95,,,,,,,,,
admin,base,Default,simple,AI1063,26.21,34.95,34.95,,,,,,,,
admin,base,Default,simple,AI1065 ,,24.95,,,,,,,,,
admin,base,Default,simple,AI1067,22.46,29.95,29.95,,,,,,,,
admin,base,Default,simple,AI1069 ,,34.95,,,,,,,,,
admin,base,Default,simple,AI1071 ,,64.95,,,,,,,,,
admin,base,Default,simple,AI1073 ,,64.95,,,,,,,,,
admin,base,Default,simple,AI1075,26.21,34.95,34.95,,,,,,,,
admin,base,Default,grouped,ATI-AQUABLUESPECIAL,,,,ATIT5BULBS,,,,,,,
admin,base,Default,grouped,ATI-BLUEPLUS,,,,ATIT5BULBS,,,,,,,
admin,base,Default,grouped,ATI-TRUEACTINIC,,,,ATIT5BULBS,,,,,,,
admin,base,Default,grouped,ATI-PURPLEPLUS,,,,ATIT5BULBS,,,,,,,
admin,base,Default,grouped,ATI-CORALPLUS,,,,ATIT5BULBS,,,,,,,
admin,base,Default,grouped,AI-EXTRAIL,,,,,,,,,,,
admin,base,Default,grouped,AI-EXTTANKMOUNT,,,,,,,,,,,
admin,base,Default,grouped,AI-VEGACOLOR,,,,,,,,,,,
admin,base,Default,grouped,AI-VEGABLUE,,,,,,,,,,,
admin,base,Default,simple,XX0001,3.95,4.95,4.95,,,,,,,,
admin,base,Default,simple,XX0005,11.95,16.95,16.95,,,,,,,,
admin,base,Default,simple,VS0001,5.5,9.95,9.95,,,,,,,,
admin,base,Default,simple,CV4001,3.5,4.95,4.95,,,,,,,,
admin,base,Default,grouped,ETM-ESUPGRADEKIT,,,,,,,,,,,
admin,base,Default,simple,ETM0103,6.95,10.95,10.95,,,,,,,,
admin,base,Default,simple,ETM0200,141.95,169.95,169.95,,,,,,,,
admin,base,Default,simple,ETM0201,76.95,92.95,92.95,,,,,,,,
admin,base,Default,simple,ETM0203,47.95,61.95,61.95,,,,,,,,
admin,base,Default,grouped,ETM-FOAMCOVER,,,,,,,,,,,
admin,base,Default,simple,ETM0204,11.95,14.95,14.95,,,,,,,,
admin,base,Default,simple,ETM0205,9.95,11.95,11.95,,,,,,,,
admin,base,Default,simple,ETM0207,9.95,11.95,11.95,,,,,,,,
admin,base,Default,simple,NEP0021,235.95,249.95,249.95,,,,,,,,
admin,base,Default,simple,NEP0023,117.95,124.95,124.95,,,,,,,,
admin,base,Default,simple,NEP0025,188.95,199.95,199.95,,,,,,,,
admin,base,Default,simple,NEP0026,295.95,369.95,369.95,,,,,,,,
admin,base,Default,simple,NEP0029,175.95,219.95,219.95,,,,,,,,
admin,base,Default,simple,NEP0031,399.95,499.95,499.95,,,,,,,,
admin,base,Default,simple,NEP0033,419.95,524.95,524.95,,,,,,,,
admin,base,Default,simple,NEP0101,35.95,44.95,44.95,,,,,,,,
admin,base,Default,simple,NEP0103,55.95,69.95,69.95,,,,,,,,
admin,base,Default,simple,NEP0105,51.95,64.95,64.95,,,,,,,,
admin,base,Default,simple,NEP0107,67.95,84.95,84.95,,,,,,,,
admin,base,Default,simple,NEP0111,24.95,29.95,29.95,,,,,,,,
admin,base,Default,simple,NEP0117,99.95,124.95,124.95,,,,,,,,
admin,base,Default,simple,NEP0119,488.95,499.95,499.95,,,,,,,,
admin,base,Default,simple,NEP0123,32.95,39.95,39.95,,,,,,,,
admin,base,Default,simple,NEP0143,65.95,69.95,69.95,,,,,,,,
admin,base,Default,simple,NEP0145,67.95,84.95,84.95,,,,,,,,
admin,base,Default,simple,NEP0147,67.95,84.95,84.95,,,,,,,,
admin,base,Default,simple,NEP0149,89.95,94.95,94.95,,,,,,,,
admin,base,Default,simple,NEP0151,99.95,124.95,124.95,,,,,,,,
admin,base,Default,simple,NEP0153,79.95,99.95,99.95,,,,,,,,
admin,base,Default,simple,NEP0155,15.95,17.95,17.95,,,,,,,,
admin,base,Default,simple,NEP0165,41.95,49.95,49.95,,,,,,,,
admin,base,Default,grouped,NEP-LSMLED,,,,,,,,,,,
admin,base,Default,simple,NEP0167,24.95,29.95,29.95,,,,,,,,
admin,base,Default,simple,NEP0169,32.95,39.95,39.95,,,,,,,,
admin,base,Default,simple,NEP0171,41.95,49.95,49.95,,,,,,,,
admin,base,Default,simple,NEP0173,49.95,59.95,59.95,,,,,,,,
admin,base,Default,simple,NEP0175,62.95,74.95,74.95,,,,,,,,
admin,base,Default,simple,NEP0177,24.95,29.95,29.95,,,,,,,,
admin,base,Default,simple,NEP0179,24.95,29.95,29.95,,,,,,,,
admin,base,Default,simple,NEP0207,41.95,49.95,49.95,,,,,,,,
admin,base,Default,simple,NEP0211,10.95,11.95,11.95,,,,,,,,
admin,base,Default,simple,NEP0212,15.95,17.95,17.95,,,,,,,,
admin,base,Default,simple,NEP0213,127.95,159.95,159.95,,,,,,,,
admin,base,Default,simple,NEP0214,95.95,119.95,119.95,,,,,,,,
admin,base,Default,grouped,NEP-AQUABUSCABLE,,,,,,,,,,,
admin,base,Default,simple,NEP0215,11.95,12.95,12.95,,,,,,,,
admin,base,Default,simple,NEP0217,12.95,14.95,14.95,,,,,,,,
admin,base,Default,simple,NEP0219,16.95,19.95,19.95,,,,,,,,
admin,base,Default,simple,NEP0221,16.95,19.95,19.95,,,,,,,,
admin,base,Default,simple,NEP0225,16.95,19.95,19.95,,,,,,,,
admin,base,Default,simple,NEP0227,12.95,14.95,14.95,,,,,,,,
admin,base,Default,simple,AM0101,1.05,1.25,1.25,,,,,,,,
admin,base,Default,simple,AM0103,0.85,0.95,0.95,,,,,,,,
admin,base,Default,simple,AM0105,0.85,0.95,0.95,,,,,,,,
admin,base,Default,simple,CT0003,2.75,2.95,2.95,,,,,,,,
admin,base,Default,grouped,LET-MIRO4REFLECTOR,,,,,,,,,,,
admin,base,Default,simple,XX0035,1.5,1.95,1.95,,,,,,,,
admin,base,Default,grouped,ATI-BMPUMP,,,,,,,,,,,
admin,base,Default,simple,ATI0101,112.95,149.95,149.95,,,,,,,,
admin,base,Default,simple,ATI0103,112.95,149.95,149.95,,,,,,,,
admin,base,Default,simple,ATI0105,112.95,149.95,149.95,,,,,,,,
admin,base,Default,simple,ATI0107,24.95,39.95,39.95,,,,,,,,
admin,base,Default,simple,ATI0109,4.95,6.95,6.95,,,,,,,,
admin,base,Default,simple,ATI0111,11.95,15.95,15.95,,,,,,,,
admin,base,Default,simple,ATI0113,8.95,11.95,11.95,,,,,,,,
admin,base,Default,simple,ATI0115,3.95,5.95,5.95,,,,,,,,
admin,base,Default,simple,ATI0117,3.95,5.95,5.95,,,,,,,,
admin,base,Default,simple,ATI0121,6.95,9.95,9.95,,,,,,,,
admin,base,Default,simple,ATI0123,1.95,2.95,2.95,,,,,,,,
admin,base,Default,simple,ATI0125,3.95,5.95,5.95,,,,,,,,
admin,base,Default,grouped,ATI-BMPUMPSUPPORT,,,,,,,,,,,
admin,base,Default,simple,ATI0127,3.95,5.95,5.95,,,,,,,,
admin,base,Default,simple,ATI0129,3.95,5.95,5.95,,,,,,,,
admin,base,Default,grouped,ATI-BMTHREADEDROD,,,,,,,,,,,
admin,base,Default,simple,ATI0131,1.95,2.95,2.95,,,,,,,,
admin,base,Default,simple,ATI0133,1.95,2.95,2.95,,,,,,,,
admin,base,Default,simple,ATI0135,1.95,2.95,2.95,,,,,,,,
admin,base,Default,simple,ATI0137,1.95,2.95,2.95,,,,,,,,
admin,base,Default,grouped,ATI-BMCOLLECTIONCUP,,,,,,,,,,,
admin,base,Default,simple,ATI0147,97.95,129.95,129.95,,,,,,,,
admin,base,Default,simple,ATI0149,105.95,139.95,139.95,,,,,,,,
admin,base,Default,simple,ATI0150,105.95,139.95,139.95,,,,,,,,
admin,base,Default,simple,ATI0151,121.95,159.95,159.95,,,,,,,,
admin,base,Default,simple,ATI0165,0.95,1.95,1.95,,,,,,,,
admin,base,Default,simple,ATI0171,32.95,43.95,43.95,,,,,,,,
admin,base,Default,grouped,ATI-BMAIRFILTER,,,,,,,,,,,
admin,base,Default,simple,ATI0175,7.95,10.95,10.95,,,,,,,,
admin,base,Default,simple,ATI0177,7.95,10.95,10.95,,,,,,,,
admin,base,Default,simple,ATI0203,6.95,9.95,9.95,,,,,,,,
admin,base,Default,grouped,ATI-PCPUMP,,,,,,,,,,,
admin,base,Default,simple,ATI0403,213.95,285.95,285.95,,,,,,,,
admin,base,Default,simple,ATI0405,213.95,285.95,285.95,,,,,,,,
admin,base,Default,simple,ATI0407,35.95,47.95,47.95,,,,,,,,
admin,base,Default,simple,ATI0409,71.95,95.95,95.95,,,,,,,,
admin,base,Default,simple,ATI0411,27.95,37.95,37.95,,,,,,,,
admin,base,Default,grouped,ATI-PCCOLLECTIONCUP,,,,,,,,,,,
admin,base,Default,simple,ATI0417,50.95,69.95,69.95,,,,,,,,
admin,base,Default,simple,ATI0419,50.95,69.95,69.95,,,,,,,,
admin,base,Default,grouped,ATI-PCCOLLECTIONCUPLID,,,,,,,,,,,
admin,base,Default,simple,ATI0423,19.95,26.95,26.95,,,,,,,,
admin,base,Default,simple,ATI0425,19.95,26.95,26.95,,,,,,,,
admin,base,Default,grouped,ATI-PCORING,,,,,,,,,,,
admin,base,Default,simple,ATI0429,5.95,7.95,7.95,,,,,,,,
admin,base,Default,simple,ATI0431,5.95,7.95,7.95,,,,,,,,
admin,base,Default,grouped,ATI-HANGINGKIT,,,,,,,,,,,
admin,base,Default,simple,ATI2101,27.95,37.95,37.95,,,,,,,,
admin,base,Default,simple,ATI2103,29.95,39.95,39.95,,,,,,,,
admin,base,Default,grouped,ATI-PMREFLECTOR,,,,,,,,,,,
admin,base,Default,simple,ATI2201,9.95,16.95,16.95,,,,,,,,
admin,base,Default,simple,ATI2203,10.95,17.95,17.95,,,,,,,,
admin,base,Default,simple,ATI2205,11.95,18.95,18.95,,,,,,,,
admin,base,Default,simple,ATI2207,12.95,19.95,19.95,,,,,,,,
admin,base,Default,grouped,ATI-PMENDPLATES,,,,,,,,,,,
admin,base,Default,simple,ATI2209,16.95,22.95,22.95,,,,,,,,
admin,base,Default,simple,ATI2211,18.95,25.95,25.95,,,,,,,,
admin,base,Default,simple,ATI2213,26.95,35.95,35.95,,,,,,,,
admin,base,Default,simple,ATI2215,28.95,38.95,38.95,,,,,,,,
admin,base,Default,simple,ATI2217,8.95,14.95,14.95,,,,,,,,
admin,base,Default,simple,ATI2219,1.45,1.95,1.95,,,,,,,,
admin,base,Default,simple,ATI2221,6.95,12.95,12.95,,,,,,,,
admin,base,Default,grouped,ATI-DIMMABLEBALLAST,,,,,,,,,,,
admin,base,Default,simple,ATI2401,67.95,89.95,89.95,,,,,,,,
admin,base,Default,simple,ATI2403,67.95,89.95,89.95,,,,,,,,
admin,base,Default,grouped,ATI-PMACRYLICSHIELD,,,,,,,,,,,
admin,base,Default,simple,ATI2501,21.95,29.95,29.95,,,,,,,,
admin,base,Default,simple,ATI2503,28.95,38.95,38.95,,,,,,,,
admin,base,Default,simple,ATI2505,35.95,47.95,47.95,,,,,,,,
admin,base,Default,simple,ATI2507,42.95,57.95,57.95,,,,,,,,
admin,base,Default,simple,ATI2509,28.95,38.95,38.95,,,,,,,,
admin,base,Default,simple,ATI2511,35.95,47.95,47.95,,,,,,,,
admin,base,Default,simple,ATI2513,42.95,57.95,57.95,,,,,,,,
admin,base,Default,simple,ATI2515,49.95,66.95,66.95,,,,,,,,
admin,base,Default,simple,ATI2517,35.95,47.95,47.95,,,,,,,,
admin,base,Default,simple,ATI2519,42.95,57.95,57.95,,,,,,,,
admin,base,Default,simple,ATI2521,49.95,66.95,66.95,,,,,,,,
admin,base,Default,simple,ATI2523,57.95,77.95,77.95,,,,,,,,
admin,base,Default,simple,ATI2525,42.95,57.95,57.95,,,,,,,,
admin,base,Default,simple,ATI2527,49.95,66.95,66.95,,,,,,,,
admin,base,Default,simple,ATI2529,57.95,77.95,77.95,,,,,,,,
admin,base,Default,simple,ATI2531,64.95,86.95,86.95,,,,,,,,
admin,base,Default,grouped,ATI-SUNPOWER,,,,ATIFIXTURES,,,,,,,
admin,base,Default,grouped,ATI-SPREFLECTOR,,,,,,,,,,,
admin,base,Default,simple,ATI3202,9.95,16.95,16.95,,,,,,,,
admin,base,Default,simple,ATI3204,10.95,17.95,17.95,,,,,,,,
admin,base,Default,simple,ATI3206,11.95,18.95,18.95,,,,,,,,
admin,base,Default,simple,ATI3208,12.95,19.95,19.95,,,,,,,,
admin,base,Default,simple,ATI3209,1.45,1.95,1.95,,,,,,,,
admin,base,Default,simple,ATI3211,26.95,39.95,39.95,,,,,,,,
admin,base,Default,simple,ATI3213,26.95,39.95,39.95,,,,,,,,
admin,base,Default,simple,ATI3215,39.95,53.95,53.95,,,,,,,,
admin,base,Default,simple,ATI3217,16.95,22.95,22.95,,,,,,,,
admin,base,Default,simple,ATI3219,18.95,25.95,25.95,,,,,,,,
admin,base,Default,simple,ATI3220,26.95,35.95,35.95,,,,,,,,
admin,base,Default,grouped,ATI-COOLINGFAN,,,,,,,,,,,
admin,base,Default,simple,ATI3221,8.95,14.95,14.95,,,,,,,,
admin,base,Default,simple,ATI3223,8.95,14.95,14.95,,,,,,,,
admin,base,Default,grouped,ATI-FANCOVER,,,,,,,,,,,
admin,base,Default,simple,ATI2223,1.95,2.95,2.95,,,,,,,,
admin,base,Default,simple,ATI3225,1.95,2.95,2.95,,,,,,,,
admin,base,Default,grouped,ATI-DSP,,,,ATIFIXTURES,,,,,,,
admin,base,Default,simple,ATI3301,349.95,469.95,469.95,ATIFIXTURES,,,,,,,
admin,base,Default,simple,ATI3303,394.95,529.95,529.95,ATIFIXTURES,,,,,,,
admin,base,Default,simple,ATI3305,489.95,654.95,654.95,ATIFIXTURES,,,,,,,
admin,base,Default,simple,ATI3307,379.95,509.95,509.95,ATIFIXTURES,,,,,,,
admin,base,Default,simple,ATI3309,455.95,609.95,609.95,ATIFIXTURES,,,,,,,
admin,base,Default,simple,ATI3311,539.95,719.95,719.95,ATIFIXTURES,,,,,,,
admin,base,Default,simple,ATI3313,416.95,554.95,554.95,ATIFIXTURES,,,,,,,
admin,base,Default,simple,ATI3315,491.95,654.95,654.95,ATIFIXTURES,,,,,,,
admin,base,Default,simple,ATI3317,582.95,779.95,779.95,ATIFIXTURES,,,,,,,
admin,base,Default,simple,ATI3401,87.95,117.95,117.95,,,,,,,,
admin,base,Default,grouped,ATI-SPACRYLICSHIELD,,,,,,,,,,,
admin,base,Default,simple,ATI3501,21.95,29.95,29.95,,,,,,,,
admin,base,Default,simple,ATI3503,28.95,38.95,38.95,,,,,,,,
admin,base,Default,simple,ATI3505,35.95,47.95,47.95,,,,,,,,
admin,base,Default,simple,ATI3507,28.95,38.95,38.95,,,,,,,,
admin,base,Default,simple,ATI3509,35.95,47.95,47.95,,,,,,,,
admin,base,Default,simple,ATI3511,42.95,57.95,57.95,,,,,,,,
admin,base,Default,simple,ATI3513,35.95,47.95,47.95,,,,,,,,
admin,base,Default,simple,ATI3515,42.95,57.95,57.95,,,,,,,,
admin,base,Default,simple,ATI3517,49.95,66.95,66.95,,,,,,,,
admin,base,Default,simple,ATI3519,42.95,57.95,57.95,,,,,,,,
admin,base,Default,simple,ATI3521,49.95,66.95,66.95,,,,,,,,
admin,base,Default,simple,ATI3523,57.95,77.95,77.95,,,,,,,,
admin,base,Default,grouped,ATI-LEDPOWERMODULE,,,,ATIFIXTURES,,,,,,,
admin,base,Default,simple,ATI2601,822.95,1097.95,1097.95,ATIFIXTURES,,,,,,,
admin,base,Default,simple,ATI2603,960.95,1281.95,1281.95,ATIFIXTURES,,,,,,,
admin,base,Default,simple,ATI2605,1089.95,1453.95,1453.95,ATIFIXTURES,,,,,,,
admin,base,Default,simple,ATI2607,1223.95,1631.95,1631.95,ATIFIXTURES,,,,,,,
admin,base,Default,simple,ATI2609,1336.95,1782.95,1782.95,ATIFIXTURES,,,,,,,
admin,base,Default,simple,ATI2611,1536.95,2049.95,2049.95,ATIFIXTURES,,,,,,,
admin,base,Default,simple,ATI2613,1536.95,2049.95,2049.95,ATIFIXTURES,,,,,,,
admin,base,Default,simple,ATI2615,1762.95,2350.95,2350.95,ATIFIXTURES,,,,,,,
admin,base,Default,simple,AI1001,315,399,399,AIMODULES,,,,,,,
admin,base,Default,grouped,AI-SOLBLUE,,,,,,,,,,,
admin,base,Default,simple,AI1003,315,399,399,AIMODULES,,,,,,,
admin,base,Default,simple,AI1004,315,399,399,AIMODULES,,,,,,,
admin,base,Default,grouped,AI-CONTROLLERDATACABLE,,,,,,,,,,,
admin,base,Default,simple,AI1007,7.95,9.95,9.95,,,,,,,,
admin,base,Default,simple,AI1008,5.95,7.95,7.95,,,,,,,,
admin,base,Default,simple,AI1009,3.95,4.95,4.95,,,,,,,,
admin,base,Default,grouped,AI-MOUNTRAILS,,,,,,,,,,,
admin,base,Default,simple,AI1013,13.95,19.95,19.95,,,,,,,,
admin,base,Default,simple,AI1015,21.95,29.95,29.95,,,,,,,,
admin,base,Default,simple,AI1017,29.95,40.95,40.95,,,,,,,,
admin,base,Default,simple,AI1019,37.95,51.95,51.95,,,,,,,,
admin,base,Default,simple,AI1021,45.95,62.95,62.95,,,,,,,,
admin,base,Default,simple,AI1023,53.95,72.95,72.95,,,,,,,,
admin,base,Default,simple,AI1043,24.95,33.95,33.95,,,,,,,,
admin,base,Default,simple,AI1045,34.95,46.95,46.95,,,,,,,,
admin,base,Default,simple,AI1047,45.95,61.95,61.95,,,,,,,,
admin,base,Default,simple,AI1049,55.95,74.95,74.95,,,,,,,,
admin,base,Default,simple,AI1051,66.95,89.95,89.95,,,,,,,,
admin,base,Default,simple,AI1053,76.95,102.95,102.95,,,,,,,,
admin,base,Default,simple,AI1025,13.95,18.95,18.95,,,,,,,,
admin,base,Default,simple,AI1027,9.95,12.95,12.95,,,,,,,,
admin,base,Default,simple,AI1029,4.95,6.95,6.95,,,,,,,,
admin,base,Default,simple,AI1031,31.97,39.95,39.95,,,,,,,,
admin,base,Default,simple,AI1033,39.95,59.95,59.95,,,,,,,,
admin,base,Default,simple,AI1035,7.95,9.95,9.95,,,,,,,,
admin,base,Default,simple,AI1037,12.95,19.95,19.95,,,,,,,,
admin,base,Default,simple,AI1039,12.95,19.95,19.95,,,,,,,,
admin,base,Default,simple,AI1041,12.95,19.95,19.95,,,,,,,,
admin,base,Default,simple,AI1055,39.95,53.95,53.95,,,,,,,,
admin,base,Default,simple,AI1057,4.95,6.95,6.95,,,,,,,,
admin,base,Default,simple,AI1077,12.95,17.95,17.95,,,,,,,,
admin,base,Default,grouped,AI-NANO,,,,,,,,,,,
admin,base,Default,simple,AI2001,220,299,299,AIMODULES,,,,,,,
admin,base,Default,simple,AI2003,23.95,29.95,29.95,,,,,,,,
admin,base,Default,simple,AI3017,9.95,12.95,12.95,,,,,,,,
admin,base,Default,grouped,AI-MOUNTINGKIT,,,,,,,,,,,
admin,base,Default,simple,AI4001,23.96,29.95,29.95,,,,,,,,
admin,base,Default,simple,AI4003,31.96,39.95,39.95,,,,,,,,
admin,base,Default,simple,AI4005,39.96,49.95,49.95,,,,,,,,
admin,base,Default,simple,AI4007,47.96,59.95,59.95,,,,,,,,
admin,base,Default,simple,AI4009,55.96,69.95,69.95,,,,,,,,
admin,base,Default,simple,AI4011,63.96,79.95,79.95,,,,,,,,
admin,base,Default,simple,AI4013,34.95,46.95,46.95,,,,,,,,
admin,base,Default,simple,AI4015,44.95,59.95,59.95,,,,,,,,
admin,base,Default,simple,AI4017,55.95,74.95,74.95,,,,,,,,
admin,base,Default,simple,AI4019,65.95,87.95,87.95,,,,,,,,
admin,base,Default,simple,AI4021,76.95,102.95,102.95,,,,,,,,
admin,base,Default,simple,AI4023,86.95,115.95,115.95,,,,,,,,
admin,base,Default,simple,AT0007,39.95,49.95,49.95,,,,,,,,
admin,base,Default,simple,AES0001,292.95,499.95,499.95,AECHILLERS,,,,,,,
admin,base,Default,simple,AES0003,304.95,529.95,529.95,AECHILLERS,,,,,,,
admin,base,Default,simple,AES0005,427.95,719.95,719.95,AECHILLERS,,,,,,,
admin,base,Default,simple,AES0007,658.95,999.95,999.95,AECHILLERS,,,,,,,
admin,base,Default,simple,AES0009,844.95,1299.95,1299.95,AECHILLERS,,,,,,,
admin,base,Default,simple,PEC0001,33.95,44.95,44.95,PHEONIXBULBS,,,,,,,
admin,base,Default,simple,PEC0007,41.95,59.95,59.95,PHEONIXBULBS,,,,,,,
admin,base,Default,simple,GE0001,9.95,14.95,14.95,GEBULBS,,,,,,,
admin,base,Default,simple,GE0003,9.95,14.95,14.95,GEBULBS,,,,,,,
admin,base,Default,simple,GE0005,9.95,14.95,14.95,GEBULBS,,,,,,,
admin,base,Default,simple,GE0007,12.95,17.95,17.95,GEBULBS,,,,,,,
admin,base,Default,simple,KZ0001,20.95,27.95,27.95,KZBULBS,,,,,,,
admin,base,Default,simple,KZ0003,21.95,28.95,28.95,KZBULBS,,,,,,,
admin,base,Default,simple,KZ0005,22.95,29.95,29.95,KZBULBS,,,,,,,
admin,base,Default,simple,KZ0007,25.95,35.95,35.95,KZBULBS,,,,,,,
admin,base,Default,grouped,KZ-NEWGENERATION,,,,KZBULBS,,,,,,,
admin,base,Default,simple,KZ0009,20.95,27.95,27.95,KZBULBS,,,,,,,
admin,base,Default,simple,KZ0011,21.95,28.95,28.95,KZBULBS,,,,,,,
admin,base,Default,simple,KZ0013,22.95,29.95,29.95,KZBULBS,,,,,,,
admin,base,Default,simple,KZ0015,26.95,35.95,35.95,KZBULBS,,,,,,,
admin,base,Default,grouped,KZ-CORALLIGHT,,,,KZBULBS,,,,,,,
admin,base,Default,simple,KZ0017,16.95,22.95,22.95,KZBULBS,,,,,,,
admin,base,Default,simple,KZ0019,17.95,23.95,23.95,KZBULBS,,,,,,,
admin,base,Default,simple,KZ0021,18.95,24.95,24.95,KZBULBS,,,,,,,
admin,base,Default,simple,KZ0023,21.95,29.95,29.95,KZBULBS,,,,,,,
admin,base,Default,grouped,KZ-SUPERBLUE,,,,KZBULBS,,,,,,,
admin,base,Default,simple,KZ0025,16.95,22.95,22.95,KZBULBS,,,,,,,
admin,base,Default,simple,KZ0027,17.95,23.95,23.95,KZBULBS,,,,,,,
admin,base,Default,simple,KZ0029,18.95,24.95,24.95,KZBULBS,,,,,,,
admin,base,Default,simple,KZ0031,21.95,29.95,29.95,KZBULBS,,,,,,,
admin,base,Default,simple,ETM0013,239.95,284.95,284.95,ETMVORTECHPUMP,,,,,,,
admin,base,Default,simple,ETM0015,391.95,464.95,464.95,ETMVORTECHPUMP,,,,,,,
admin,base,Default,simple,ETM0016,653.95,774.95,774.95,ETMVORTECHPUMP,,,,,,,
admin,base,Default,simple,ETM0017,126.95,149.95,149.95,ETMVORTECHPUMP,,,,,,,
admin,base,Default,simple,ETM0021,71.95,84.95,84.95,ETMVORTECHUPGRADE,,,,,,,
admin,base,Default,simple,ETM0023,45.95,54.95,54.95,ETMVORTECHUPGRADE,,,,,,,
admin,base,Default,simple,ETM0101,132.95,164.95,164.95,ETMVORTECHUPGRADE,,,,,,,
admin,base,Default,simple,GSM0001,12.32,18.86,18.95,GSMBULBS,,,,,,,
admin,base,Default,simple,GSM0003,13.62,20.66,20.95,GSMBULBS,,,,,,,
admin,base,Default,simple,GSM0005,14.27,21.56,21.95,GSMBULBS,,,,,,,
admin,base,Default,simple,GSM0007,16.22,25.56,24.95,GSMBULBS,,,,,,,
admin,base,Default,grouped,GSM-AQUABLUEPLUS,,,,GSMBULBS,,,,,,,
admin,base,Default,simple,GSM0009,12.32,21.56,18.95,GSMBULBS,,,,,,,
admin,base,Default,simple,GSM0011,13.62,23.36,20.95,GSMBULBS,,,,,,,
admin,base,Default,simple,GSM0013,15.57,24.26,23.95,GSMBULBS,,,,,,,
admin,base,Default,simple,GSM0015,16.87,27.86,25.95,GSMBULBS,,,,,,,
admin,base,Default,grouped,GSM-ACTINICPLUS,,,,GSMBULBS,,,,,,,
admin,base,Default,simple,GSM0017,12.32,18.86,18.95,GSMBULBS,,,,,,,
admin,base,Default,simple,GSM0019,13.62,20.66,20.95,GSMBULBS,,,,,,,
admin,base,Default,simple,GSM0021,15.57,23.36,23.95,GSMBULBS,,,,,,,
admin,base,Default,simple,GSM0023,16.87,26.06,25.95,GSMBULBS,,,,,,,
admin,base,Default,grouped,GSM-PUREACTINIC,,,,GSMBULBS,,,,,,,
admin,base,Default,simple,GSM0025,13.62,26.06,20.95,GSMBULBS,,,,,,,
admin,base,Default,simple,GSM0027,14.95,27.86,22.95,GSMBULBS,,,,,,,
admin,base,Default,simple,GSM0029,16.87,29.66,25.95,GSMBULBS,,,,,,,
admin,base,Default,simple,GSM0031,18.17,32.36,27.95,GSMBULBS,,,,,,,
admin,base,Default,grouped,GSM-AQUAFLORA,,,,GSMBULBS,,,,,,,
admin,base,Default,simple,GSM0033,12.97,21.56,19.95,GSMBULBS,,,,,,,
admin,base,Default,simple,GSM0035,14.27,23.36,21.95,GSMBULBS,,,,,,,
admin,base,Default,simple,GSM0037,16.22,24.26,24.95,GSMBULBS,,,,,,,
admin,base,Default,simple,GSM0039,17.52,27.86,26.95,GSMBULBS,,,,,,,
admin,base,Default,grouped,GSM-AQUAPINK,,,,GSMBULBS,,,,,,,
admin,base,Default,simple,GSM0041,12.97,24.26,19.95,GSMBULBS,,,,,,,
admin,base,Default,simple,GSM0043,14.27,26.06,21.95,GSMBULBS,,,,,,,
admin,base,Default,simple,GSM0045,16.22,26.96,24.95,GSMBULBS,,,,,,,
admin,base,Default,simple,GSM0047,17.52,29.66,26.95,GSMBULBS,,,,,,,
admin,base,Default,grouped,GSM-LAGOONBLUE,,,,GSMBULBS,,,,,,,
admin,base,Default,simple,GSM0049,12.32,20.13,18.95,GSMBULBS,,,,,,,
admin,base,Default,simple,GSM0051,13.62,21.47,20.95,GSMBULBS,,,,,,,
admin,base,Default,simple,GSM0053,15.57,23.13,23.95,GSMBULBS,,,,,,,
admin,base,Default,simple,GSM0055,16.87,26.31,25.95,GSMBULBS,,,,,,,
admin,base,Default,simple,LET0001,84.95,121.95,121.95,LETMIRO4RETROFIT,,,,,,,
admin,base,Default,simple,LET0003,149.95,214.95,214.95,LETMIRO4RETROFIT,,,,,,,
admin,base,Default,simple,LET0005,208.95,298.95,298.95,LETMIRO4RETROFIT,,,,,,,
admin,base,Default,simple,LET0007,273.95,391.95,391.95,LETMIRO4RETROFIT,,,,,,,
admin,base,Default,simple,LET0009,85.95,121.95,121.95,LETMIRO4RETROFIT,,,,,,,
admin,base,Default,simple,LET0011,150.95,215.95,215.95,LETMIRO4RETROFIT,,,,,,,
admin,base,Default,simple,LET0013,209.95,299.95,299.95,LETMIRO4RETROFIT,,,,,,,
admin,base,Default,simple,LET0015,275.95,393.95,393.95,LETMIRO4RETROFIT,,,,,,,
admin,base,Default,simple,LET0017,88.95,127.95,127.95,LETMIRO4RETROFIT,,,,,,,
admin,base,Default,simple,LET0019,157.95,225.95,225.95,LETMIRO4RETROFIT,,,,,,,
admin,base,Default,simple,LET0021,220.95,315.95,315.95,LETMIRO4RETROFIT,,,,,,,
admin,base,Default,simple,LET0023,289.95,414.95,414.95,LETMIRO4RETROFIT,,,,,,,
admin,base,Default,simple,LET0027,107.95,154.95,154.95,LETMIRO4RETROFIT,,,,,,,
admin,base,Default,simple,LET0031,189.95,270.95,270.95,LETMIRO4RETROFIT,,,,,,,
admin,base,Default,simple,LET0033,277.95,396.95,396.95,LETMIRO4RETROFIT,,,,,,,
admin,base,Default,simple,LET0035,365.95,521.95,521.95,LETMIRO4RETROFIT,,,,,,,
admin,base,Default,simple,LET0403,11.45,19.95,19.95,LETMIRO4REFLECTOR,,,,,,,
admin,base,Default,simple,LET0405,12.45,21.95,21.95,LETMIRO4REFLECTOR,,,,,,,
admin,base,Default,simple,LET0407,14.45,23.95,23.95,LETMIRO4REFLECTOR,,,,,,,
admin,base,Default,simple,ATI0303,508.95,678.95,678.95,ATISKIMMERS,,,,,,,
admin,base,Default,simple,ATI0305,549.95,733.95,733.95,ATISKIMMERS,,,,,,,
admin,base,Default,grouped,AES-MAXCHILL,,,,AECHILLERS,,,,,,,
admin,base,Default,grouped,PEC-MH,,,,PHEONIXBULBS,,,,,,,
admin,base,Default,grouped,GE-6500K,,,,GEBULBS,,,,,,,
admin,base,Default,grouped,KZ-FIJIPURPLE,,,,KZBULBS,,,,,,,
admin,base,Default,simple,ETM0011,197.95,234.95,234.95,ETMVORTECHPUMP,,,,,,,
admin,base,Default,simple,ETM0019,83.95,99.95,99.95,ETMVORTECHUPGRADE,,,,,,,
admin,base,Default,grouped,AM-CALFLUID,,,,PINPOINT,,,,,,,
admin,base,Default,grouped,LET-MIRO4RETROFIT,,,,LETMIRO4RETROFIT,,,,,,,
admin,base,Default,simple,LET0401,10.45,18.95,18.95,LETMIRO4REFLECTOR,,,,,,,
admin,base,Default,grouped,ATI-POWERCONE,,,,ATISKIMMERS,,,,,,,
admin,base,Default,grouped,ATI-T5BALLAST,,,,,,,,,,,
admin,base,Default,grouped,ATI-SPENDPLATES,,,,,,,,,,,
admin,base,Default,grouped,ETM-WSA,,,,,,,,,,,
